All_Data,Partition_1,Partition_2,Partition_3,Partition_4,Partition_5,Partition_6,Partition_7,Partition_Average
Sequence Length,0.010399785,0.009872792,0.011328555,0.011061884,0.010771803,0.00943922,0.010157918,0.010433137
Molecular Weight,0.01075187,0.011133139,0.011124943,0.013140315,0.010500018,0.009852966,0.00914101,0.010806323
GRAVY,0.01431187,0.015846539,0.01276936,0.016319225,0.014001861,0.01390882,0.013737423,0.014413585
Isoelectric Point,0.008317517,0.00739413,0.007392849,0.007718872,0.008384049,0.008353341,0.008326893,0.00798395
Instability Index,0.02028909,0.016766093,0.019015821,0.017713995,0.017599986,0.021199176,0.01857081,0.018736424
Aromaticity,0.015010156,0.01487171,0.015140786,0.01188398,0.0137709,0.012501841,0.012143632,0.013617572
Charge at 7,0.008548047,0.008598818,0.008520787,0.008802448,0.008759173,0.008978838,0.008756568,0.00870924
Amino Acid Percent A,0.007316071,0.00751401,0.007616927,0.007719321,0.007885245,0.006960091,0.008322443,0.007619158
Amino Acid Percent C,0.009424926,0.008316848,0.009681014,0.009866626,0.009369214,0.009429784,0.009479711,0.009366875
Amino Acid Percent D,0.008925162,0.00876082,0.008286484,0.00928366,0.008744499,0.008821114,0.007894512,0.00867375
Amino Acid Percent E,0.008245527,0.008830151,0.008357519,0.009109425,0.009391558,0.007870712,0.008114095,0.008559855
Amino Acid Percent F,0.010947986,0.01116696,0.009602624,0.009490799,0.010527562,0.009410015,0.011078356,0.010317757
Amino Acid Percent G,0.009984497,0.009649937,0.010037049,0.009381572,0.010331587,0.01014948,0.00980544,0.009905652
Amino Acid Percent H,0.009678472,0.008234333,0.009202646,0.008884532,0.008786182,0.009375501,0.009074643,0.009033759
Amino Acid Percent I,0.011459507,0.016481534,0.014840471,0.013205132,0.013641796,0.013139163,0.015974512,0.014106016
Amino Acid Percent K,0.007789706,0.009165652,0.008994302,0.009600143,0.008358844,0.008842043,0.008280894,0.008718798
Amino Acid Percent L,0.009809371,0.00910856,0.010304002,0.009562712,0.009717567,0.009102248,0.010629507,0.009747709
Amino Acid Percent M,0.009712399,0.009623082,0.009909647,0.012388896,0.0096793,0.011079853,0.012020107,0.010630469
Amino Acid Percent N,0.009366457,0.009416322,0.009779407,0.008590353,0.009597025,0.008936558,0.009062011,0.009249733
Amino Acid Percent P,0.011877566,0.009958923,0.010543526,0.009834839,0.009374504,0.01009331,0.011191378,0.010410578
Amino Acid Percent Q,0.013011218,0.015231353,0.014841383,0.016029323,0.014197197,0.013179154,0.012546532,0.014148023
Amino Acid Percent R,0.00848647,0.008931918,0.008896098,0.008392711,0.007850191,0.00882831,0.009510903,0.008699514
Amino Acid Percent S,0.014272331,0.0148449,0.013306289,0.012909551,0.014528655,0.014263484,0.01366418,0.013969913
Amino Acid Percent T,0.007251293,0.006840724,0.007338097,0.007265376,0.007529508,0.007770345,0.007685902,0.007383035
Amino Acid Percent V,0.009934743,0.01132864,0.013314881,0.012114132,0.01243515,0.012886728,0.011328477,0.011906107
Amino Acid Percent W,0.008920409,0.007898058,0.008581168,0.008951478,0.008025966,0.008562247,0.007799469,0.008391256
Amino Acid Percent Y,0.009763474,0.011048839,0.011749952,0.009666361,0.011090591,0.0094287,0.00932847,0.010296627
Molar Extinction Coefficient 1,0.009629341,0.010086618,0.00996293,0.010227472,0.008926103,0.009588536,0.007877604,0.009471229
Molar Extinction Coefficient 2,0.009575807,0.008813079,0.008555605,0.010997776,0.00927624,0.010749365,0.00893831,0.009558026
Secondary Structure helix,0.007577778,0.00846937,0.007226188,0.008419957,0.008018915,0.007905719,0.009030677,0.008092658
Secondary Structure turn,0.010875754,0.010525011,0.011357603,0.01119947,0.010276977,0.010916329,0.011488174,0.010948474
Secondary Structure sheet,0.020007696,0.020054613,0.021058108,0.019227689,0.017115225,0.019835621,0.018293799,0.019370393
aliphatic_aliphatic,0.014223349,0.011684203,0.011382085,0.012709156,0.013375793,0.012825473,0.013533717,0.012819111
aliphatic_positive,0.008029577,0.00793731,0.007818519,0.008724821,0.00811813,0.007734411,0.007180062,0.00793469
aliphatic_negative,0.009033103,0.009408083,0.009601426,0.011011841,0.009200971,0.009496089,0.008951424,0.009528991
aliphatic_uncharged,0.007554225,0.007296011,0.007417991,0.009245742,0.008449028,0.007952971,0.00795438,0.007981478
aliphatic_aromatic,0.010207685,0.011138713,0.010239966,0.008786419,0.008426753,0.008330258,0.009945132,0.009582132
positive_aliphatic,0.007913401,0.00842009,0.007377885,0.008369132,0.007654051,0.008384857,0.007495031,0.007944921
positive_positive,0.009314009,0.007826887,0.008230013,0.008736863,0.008022058,0.008604683,0.008812433,0.008506706
positive_negative,0.008306881,0.007806413,0.007030734,0.008110391,0.00835751,0.008000436,0.007311919,0.007846326
positive_uncharged,0.00805083,0.008814995,0.008057081,0.009740362,0.009391617,0.00926652,0.009809487,0.009018699
positive_aromatic,0.007119852,0.007612419,0.007651048,0.00649626,0.008377952,0.007364524,0.007684524,0.007472369
negative_aliphatic,0.01124722,0.0103898,0.009980969,0.010639412,0.009548938,0.010544699,0.00962327,0.010282044
negative_positive,0.008085657,0.007372342,0.006817719,0.007403335,0.006526864,0.006763478,0.007437928,0.007201046
negative_negative,0.00760471,0.00724896,0.008695997,0.006625745,0.007403997,0.007819708,0.006557269,0.007422341
negative_uncharged,0.007462534,0.007715029,0.008031307,0.007805035,0.008500404,0.008315719,0.007775643,0.007943667
negative_aromatic,0.01243466,0.012632611,0.015584418,0.014358845,0.014815189,0.011043752,0.015826095,0.013813653
uncharged_aliphatic,0.0080719,0.008620655,0.008036178,0.008524516,0.008209139,0.00774331,0.008286151,0.008213121
uncharged_positive,0.00915075,0.00977034,0.009206512,0.011133175,0.010090804,0.009022995,0.009014024,0.009626943
uncharged_negative,0.008064079,0.007684477,0.008133046,0.008156941,0.007694607,0.0082975,0.007953825,0.007997782
uncharged_uncharged,0.012699042,0.010480464,0.011553924,0.009975322,0.011384998,0.00990998,0.012070182,0.011153416
uncharged_aromatic,0.007586247,0.008739993,0.007766674,0.007601829,0.007995803,0.008158762,0.006892426,0.007820248
aromatic_aliphatic,0.016701362,0.016336221,0.015954612,0.014439112,0.014148607,0.015867638,0.01649782,0.015706482
aromatic_positive,0.008133768,0.008989071,0.008693101,0.007753436,0.007633049,0.009169652,0.008965501,0.008476797
aromatic_negative,0.0133894,0.011943661,0.012186207,0.013591474,0.011475028,0.0132737,0.01130448,0.012451993
aromatic_uncharged,0.007842882,0.00676661,0.007112301,0.007146364,0.008036345,0.008031994,0.007452278,0.007484111
aromatic_aromatic,0.008556156,0.007984399,0.008043418,0.008305042,0.00744456,0.00823923,0.009335721,0.008272647
Glycosylation,0.008222065,0.012641942,0.009858346,0.010381555,0.013494379,0.011350259,0.009938841,0.010841055
Cross-link,0.001034279,0.001398806,0.001546623,0.001563468,0.002094209,0.001411478,0.001192749,0.001463087
Modified residue,0.028843525,0.032000096,0.030074647,0.027215419,0.03054321,0.028082435,0.027176897,0.029133747
Signal,0.001451356,0.001988142,0.001648621,0.001720894,0.001919994,0.002484313,0.001968897,0.001883174
Disulfide bond,0.011151474,0.008700034,0.012880789,0.011378723,0.009795239,0.011353433,0.010720597,0.010854327
O-linked,0.001131061,0.001350954,0.001374764,0.00142575,0.001110189,0.001381371,0.001262693,0.001290969
N-linked,0.006839312,0.010097217,0.008373857,0.006834285,0.010731724,0.007799056,0.01091459,0.008798578
C-linked,3.83E-05,3.65E-05,5.84E-05,7.77E-06,0,3.54E-05,3.95E-05,3.08E-05
N-beta-linked,2.38E-05,4.27E-06,2.39E-05,1.18E-05,2.95E-05,1.10E-05,0,1.49E-05
S-linked,0,0,0,0,0,8.15E-06,0,1.16E-06
O-alpha-linked,0,0,0,0,0,0,0,0
binary_count,0.006474282,0.006267874,0.005776885,0.006710613,0.006892887,0.006841697,0.00632874,0.006470425
binary_experimental_count,0.007381904,0.006325901,0.006818045,0.005830635,0.00646862,0.006579787,0.006309035,0.006530561
xeno_count,0.00308189,0.002995064,0.003789036,0.003351651,0.003408138,0.002718645,0.00320935,0.003221968
xeno_experimental_count,0.002933674,0.004071434,0.004181859,0.003930539,0.004171243,0.003875229,0.004369078,0.003933294
degree_binary,0.005941954,0.006061567,0.005792555,0.005368306,0.004898609,0.006134106,0.005531009,0.005675444
degree_xeno,0,0,0,0,0,0,0,0
degree_all,0.007004273,0.006013134,0.005244015,0.005580631,0.005180871,0.00596743,0.005317579,0.005758276
avg_degree_nbr_binary,0.007447071,0.007149893,0.006892252,0.006889258,0.007067998,0.007136982,0.007509389,0.00715612
avg_degree_nbr_xeno,0,0,0,0,0,0,0,0
avg_degree_nbr_all,0.007160176,0.006527119,0.007548406,0.008471018,0.007512287,0.008083028,0.00649369,0.007399389
strongly_connected_component_sizes_all,0.003007432,0.003663424,0.002696458,0.002749197,0.003265268,0.004008756,0.003409247,0.003257112
cytoplasm,0.00147092,0.001626272,0.001905223,0.001020501,0.00123952,0.001636138,0.001208131,0.001443815
perikaryon,0.000142334,0.000220803,0.000175008,0.000164057,0.000147532,0.000127663,0.000197873,0.000167896
presynapse,0.000112076,4.74E-05,7.26E-05,4.55E-05,7.09E-05,7.24E-05,0.00010699,7.54E-05
target cell membrane,0,3.25E-05,0,7.99E-06,0,7.35E-06,0,6.84E-06
zymogen granule,0,7.68E-06,2.99E-05,0,6.59E-06,0,8.31E-06,7.49E-06
golgo apparatus,0.000939684,0.001252147,0.000723928,0.001400935,0.001930063,0.000860731,0.000738502,0.001120856
microsome,0.000468166,0.000224438,0.000272812,0.000326495,0.00022482,0.000477596,0.000199062,0.000313341
melanosome,0.00016047,0.000188332,0.000181847,0.000139405,0.00014049,0.000140039,0.000115312,0.000152271
smooth endoplasmic reticulum membrane,0,7.69E-06,0,0,8.11E-06,5.09E-05,0,9.53E-06
rough endoplasmic reticulum,4.90E-05,9.25E-05,0.000140381,3.59E-05,5.52E-05,3.85E-05,7.11E-05,6.89E-05
dynein axonemal particle,6.92E-06,6.56E-06,3.17E-05,0,8.45E-06,7.69E-06,3.05E-05,1.31E-05
photoreceptor,6.16E-05,6.97E-05,7.36E-05,6.44E-05,3.90E-05,6.90E-05,8.21E-05,6.56E-05
virion,0,0,7.76E-06,0,0,5.68E-06,0,1.92E-06
vacuole,0,0,0,0,0,0,7.84E-06,1.12E-06
endosome,0.000198647,0.000146076,0.000371487,0.000215329,0.000191937,0.000126731,0.000213723,0.000209133
synapse,0.000192003,0.000136185,0.000254663,0.000221451,0.000233214,0.000261321,0.00026397,0.000223258
membrane,0.000883391,0.000768293,0.000652526,0.000712651,0.000814451,0.000599386,0.000594828,0.000717932
recycling endosome,0.000112327,7.34E-05,8.64E-05,0.000190471,0.000135036,0.000106353,0.000106737,0.000115822
endoplasmic reticulum,0.00084086,0.001034695,0.000715641,0.001101368,0.000905216,0.000737551,0.001016537,0.00090741
parasitophorous vacuole,7.78E-06,0,0,0,0,0,0,1.11E-06
cytoplasmic vesicle,0.000515752,0.000578701,0.000464808,0.000546456,0.000485431,0.00044551,0.000502234,0.000505556
lateral cell membrane,3.89E-05,2.76E-05,5.06E-05,2.23E-05,2.27E-05,5.00E-05,6.26E-05,3.92E-05
golgi outpost,0,0,0,0,0,1.52E-05,0,2.17E-06
mitochondrion,0.001261917,0.002192481,0.002076192,0.001841878,0.001757972,0.001842852,0.001989043,0.001851762
endomembrane system,4.81E-05,6.92E-05,0.000114791,8.95E-05,4.66E-05,7.52E-05,8.55E-05,7.56E-05
lipid droplet,0.000119906,6.67E-05,4.51E-05,8.17E-05,0.000141539,6.38E-05,5.29E-05,8.17E-05
cytolitic granule,5.68E-06,0,1.79E-05,2.26E-05,2.76E-05,0,0,1.05E-05
sarcoplasmic reticulum,1.36E-05,2.17E-05,5.91E-05,8.45E-05,9.37E-05,1.50E-05,7.46E-06,4.22E-05
nucleus,0.000932983,0.001637658,0.001384203,0.000971935,0.001628888,0.001195341,0.001127607,0.001268373
cell membrane,0.005399221,0.003432487,0.002880771,0.005341864,0.003020593,0.004166464,0.005005775,0.004178168
cell junction,0.000254851,0.000179487,0.000194008,0.000194003,0.000264391,0.000281912,0.000247504,0.00023088
postsynapse,0.000623289,0.000283722,0.00070452,0.00078229,0.001069207,0.000900776,0.000747871,0.000730239
extracellular vessicle,4.79E-05,0,3.56E-05,2.18E-05,6.80E-06,1.36E-05,1.54E-05,2.02E-05
cytoplasmic granule,6.81E-05,0.000128799,0.000133453,0.000222652,8.09E-05,7.50E-05,6.88E-05,0.000111091
cleavage furrow,8.96E-05,5.97E-05,6.00E-05,0,2.99E-05,6.90E-05,7.85E-06,4.51E-05
inflammasome,0,0,0,0,1.63E-05,0,0,2.33E-06
vesicle,0,0,0,2.47E-05,6.34E-05,0,0,1.26E-05
early endosome,0.000217782,0.000202035,0.000149975,0.000159034,0.000236014,0.000280529,0.000171532,0.000202414
myelin membrane,8.48E-06,0,0,0,0,0,0,1.21E-06
lysosome,0.000673521,0.000509933,0.000544175,0.000715558,0.000483436,0.00051602,0.000373253,0.000545128
secreted,0.001614589,0.001104777,0.001546575,0.001229821,0.001498895,0.001627393,0.001365274,0.00142676
vacuole membrane,2.16E-05,0,1.84E-05,0,0,1.62E-05,2.84E-05,1.21E-05
late endosome,0.000197826,0.000238486,0.000161902,0.000207225,0.000308466,0.000193656,0.000287588,0.000227878
peroxisome,8.96E-05,5.77E-05,0.000107039,8.20E-05,9.90E-05,2.79E-05,7.32E-05,7.66E-05
cornified envelope,0,0,0,0,0,0,0,0
midbody,5.50E-05,6.45E-05,8.84E-05,8.04E-05,7.63E-05,3.94E-05,7.13E-05,6.79E-05
preautophagosomal structure,0,0.000112246,1.57E-05,8.29E-06,3.75E-05,7.50E-06,4.19E-05,3.19E-05
cell surface,0.000131652,8.07E-05,0.00014006,0.000120652,8.64E-05,0.000115181,7.66E-05,0.000107319
cell projection,0.00050483,0.000624796,0.000402892,0.000444262,0.000565151,0.000614498,0.000703192,0.000551375
chromosome,0.000458389,0.000345224,0.000258139,0.000432124,0.000175923,0.000407219,0.000324642,0.000343094
rrm,0.000179211,0.000244484,0.000144815,0.000192181,0.000298707,0.000209016,0.000220473,0.000212698
acidic residues,0.000282898,0.00036435,0.00039164,0.000362715,0.000419235,0.000642757,0.000415797,0.000411342
ph,0.000333049,0.000196055,0.000203938,0.000309328,0.000272534,0.000408432,0.000210675,0.000276287
krab,6.30E-05,0.00024316,0.000122292,0.0002163,4.93E-05,6.10E-05,2.54E-05,0.000111488
pdz,8.02E-05,0.000119386,9.42E-05,9.29E-05,6.76E-05,7.17E-05,0.000110644,9.09E-05
btb,0.000605792,0.000170931,0.00011306,0.000291263,0.000270108,0.000180553,0.00029021,0.00027456
nuclear localization signal,0.000270939,0.000320813,0.000414929,0.000349414,0.00031294,0.000391918,0.000408318,0.000352753
fibronectin type-iii,0.000187488,0.000337283,0.000162647,0.000211535,0.000252737,0.000261931,0.000228323,0.000234563
disordered,0.00269209,0.002910261,0.002566026,0.00273513,0.003205125,0.003349134,0.003315009,0.002967539
ig-like v-type,0.000177788,0.00021355,0.000144393,0.000148845,5.42E-05,0.000301249,0.000245482,0.000183639
ef-hand,0.000527309,0.000511922,0.000507006,0.000456687,0.000563463,0.000656275,0.000492064,0.000530675
sh3,0.000337114,0.000214191,0.000285814,0.000333562,0.000376702,0.000486725,0.000409384,0.00034907
ig-like,0.000236103,0.000257216,0.000226594,0.00026091,0.000373337,0.000191346,0.000464976,0.000287212
pro residues,0.000702947,0.000545406,0.000643252,0.000653262,0.000588421,0.000614498,0.000680607,0.000632627
protein kinase,0.024187548,0.02204507,0.023288331,0.023199758,0.027406838,0.024822867,0.02526773,0.024316877
ig-like c2-type,0.00035416,0.000550302,0.00028566,0.00022294,0.000256718,0.000448385,0.000363593,0.000354537
basic and acidic residues,0.001148058,0.001552681,0.001389317,0.001170998,0.001106675,0.001192352,0.00117744,0.001248217
basic residues,0.000324691,0.000242568,0.000186739,0.00023251,0.000374743,0.000253409,0.000207387,0.000260292
egf-like,0.000206495,0.00019993,0.000284528,0.000186503,0.000275042,0.000364597,0.000311899,0.000261285
polar residues,0.001551085,0.001806872,0.001889329,0.001446277,0.001616726,0.001352028,0.00152113,0.001597635
Mean,0.015480503,0.016481092,0.015280926,0.015349601,0.016051335,0.014811771,0.015159027,0.015516322
Mode,0.007872902,0.007577687,0.007905111,0.007746416,0.008162259,0.008055348,0.008027689,0.007906773
Min,0.008043439,0.008945061,0.008333116,0.007764274,0.008539357,0.008849571,0.008039056,0.008359125
Max,0.008994127,0.00799264,0.008011727,0.008973782,0.008226426,0.007277687,0.007827713,0.0081863
Variance,0.007770722,0.00846617,0.008406898,0.00806938,0.008445953,0.008479043,0.008082767,0.008245847
Median,0.017477662,0.0131769,0.014696528,0.014392696,0.013660542,0.016936543,0.017825974,0.015452406
Standard Deviation,0.00780766,0.007338146,0.007632854,0.008516246,0.00857027,0.007390885,0.008307589,0.007937664
Range,0.007201776,0.007272361,0.00765169,0.00731545,0.006372757,0.007283941,0.007246369,0.007192049
Min gap,0.007327355,0.007596997,0.007591696,0.007682736,0.007593217,0.008702449,0.007560183,0.00772209
Max gap,0.008460334,0.008416636,0.008187309,0.007636525,0.007901143,0.008107769,0.00825286,0.008137511
Average gap,0.008716378,0.008194426,0.007984516,0.008721553,0.008080857,0.008514203,0.008465356,0.00838247
Min 2-hop gap,0.00749595,0.007863747,0.008136309,0.007004691,0.007673794,0.008554153,0.007346967,0.007725087
Max 2-hop gap,0.009074802,0.007257927,0.008260329,0.008072445,0.008128076,0.008201403,0.00818552,0.008168643
Average 2-hop gap,0.008697112,0.008568542,0.007962605,0.008215193,0.007819397,0.007897025,0.008788648,0.00827836
Latent_Value_1,0.006519956,0.006173136,0.006444124,0.006789031,0.005911945,0.005799269,0.006395101,0.006290366
Latent_Value_2,0.00594947,0.005721902,0.006396718,0.005815289,0.005240213,0.005629197,0.005506906,0.005751385
Latent_Value_3,0.00592632,0.005893302,0.006114216,0.006661898,0.00617788,0.005929013,0.006442132,0.006163537
Latent_Value_4,0.007165668,0.006890301,0.006787988,0.006807463,0.007774343,0.007201367,0.007037339,0.007094924
Latent_Value_5,0.00602514,0.006235404,0.00582641,0.005481515,0.006360343,0.00618926,0.005687872,0.005972278
Latent_Value_6,0.00653131,0.006105965,0.007062706,0.006501552,0.007418816,0.006423107,0.007650537,0.006813428
Latent_Value_7,0.007096595,0.006278867,0.006770955,0.006626618,0.006970887,0.007206664,0.00687228,0.006831838
Latent_Value_8,0.007073402,0.006390567,0.006609605,0.006701594,0.006576717,0.006482001,0.007471751,0.006757948
Latent_Value_9,0.007393484,0.008470793,0.007567602,0.007358797,0.007358076,0.006993744,0.00769416,0.007548094
Latent_Value_10,0.006066311,0.006947714,0.006652418,0.006739975,0.00562315,0.006079948,0.006389154,0.006356953
Latent_Value_11,0.006190629,0.007009189,0.006520497,0.006296717,0.00686097,0.007049805,0.007119336,0.00672102
Latent_Value_12,0.006049709,0.006677761,0.005188092,0.005620952,0.005660883,0.005529558,0.005531058,0.005751145
Latent_Value_13,0.006679497,0.006479125,0.00576737,0.006474019,0.006075796,0.006757384,0.006765132,0.006428332
Latent_Value_14,0.006233153,0.006849724,0.006549216,0.006336893,0.007342832,0.007095743,0.006219053,0.006660945
Latent_Value_15,0.005959633,0.006577526,0.006867397,0.006234763,0.006594172,0.005775962,0.006218656,0.006318301
Latent_Value_16,0.007014179,0.00741231,0.006804249,0.007639564,0.006478801,0.007804903,0.006788575,0.007134654
Latent_Value_17,0.006269003,0.00541924,0.006033883,0.006173767,0.005999174,0.006244868,0.00666229,0.006114604
Latent_Value_18,0.005779166,0.006228143,0.006452982,0.006127702,0.006182316,0.005809207,0.006542196,0.006160244
Latent_Value_19,0.006675836,0.006894842,0.006322272,0.005793693,0.00678859,0.00641015,0.006425924,0.006473044
Latent_Value_20,0.006070133,0.006499385,0.006705723,0.006138301,0.007434413,0.007103312,0.006082335,0.006576229
